FC,N,-1
FC,E,-1
AC,D,-1
FC,E,-1
FB,D,5.721249999999985
AA,N,-10
AA,D,-10
EF,N,5.000492195194237
